Age,MonthlyIncome,HourlyRate,MonthlyRate,PercentSalaryHike,TotalWorkingYears,TrainingTimesLastYear,YearsAtCompany,YearsInCurrentRole,YearsSinceLastPromotion,YearsWithCurrManager
24,2296,57,10036,14,2,3,1,1,0,0
18,1051,73,13493,15,0,2,0,0,0,0
29,6931,45,10732,14,10,2,3,2,0,2
39,5295,66,7693,21,7,3,5,4,1,0
31,4197,89,18624,11,10,2,10,8,0,2
36,3886,94,4223,21,10,2,10,1,0,8
34,6687,98,6163,11,14,2,14,11,4,11
45,2177,36,8318,16,6,3,6,3,0,4
23,2322,62,9518,13,3,3,0,0,0,0
32,9679,56,10138,24,8,1,1,0,0,0
29,6644,78,3687,19,10,2,0,0,0,0
36,6201,56,2823,14,18,1,18,14,4,11
45,4850,50,23333,15,8,3,5,3,0,1
24,4401,62,17616,16,5,1,5,3,0,4
38,6077,71,14814,11,10,2,6,3,1,2
33,3348,70,3164,11,10,3,10,8,9,7
40,13194,100,17071,16,22,2,1,0,0,0
33,2622,47,13248,21,7,3,3,2,1,1
24,2774,52,13257,12,6,2,5,3,1,2
31,2791,67,21981,12,3,4,2,2,2,2
52,16856,31,10084,11,34,3,34,6,1,16
45,5006,30,6319,11,9,3,5,4,0,3
44,18213,88,8751,11,26,5,22,9,3,10
28,2207,50,22482,16,4,5,4,2,2,2
46,19328,46,14218,17,24,3,2,1,2,2
58,16291,52,22577,22,37,0,16,9,14,14
36,7094,63,5747,12,10,0,7,7,1,7
37,2115,42,15881,12,17,3,17,12,5,7
37,4285,47,3031,17,10,2,10,8,3,7
29,11935,93,21526,18,10,2,10,2,0,7
36,8008,42,22792,12,9,6,3,2,0,2
44,6465,41,19121,13,9,5,4,2,1,3
47,4960,42,11825,12,20,2,7,7,1,7
32,10400,32,25812,11,14,2,14,8,9,8
44,5033,78,9364,15,10,5,2,0,2,2
32,11244,64,21072,25,10,5,5,2,0,0
34,3294,86,3708,17,7,2,5,4,0,2
44,2818,62,5044,24,10,2,3,2,0,2
54,17779,85,23474,14,36,2,10,9,0,9
43,19740,96,18625,14,25,2,8,7,0,7
34,9547,45,14074,17,10,2,10,9,1,9
26,3102,73,6582,22,7,2,6,4,0,4
38,6893,31,19461,15,11,3,7,7,1,7
28,6834,42,19255,12,7,2,7,7,0,7
37,3629,94,19106,18,8,6,3,2,0,2
38,5329,79,15717,12,17,3,13,11,1,9
26,4684,46,9125,13,5,4,5,3,1,2
46,5772,98,20445,21,14,4,9,6,0,8
29,4319,41,26283,13,10,1,10,7,0,9
29,2700,81,23779,24,10,3,10,7,0,7
26,2061,89,11133,21,1,5,1,0,0,0
24,4617,45,14120,12,4,2,4,3,1,2
31,3722,94,21081,13,7,2,2,2,2,2
48,6439,96,13693,14,18,2,8,7,7,7
48,2655,95,11740,11,19,3,9,7,7,7
38,5343,100,5982,11,10,1,10,7,1,9
27,2187,66,5013,12,6,5,5,3,0,3
38,2288,75,6319,12,2,3,2,2,2,1
42,18303,90,7770,13,21,3,1,0,0,0
45,10748,74,3395,23,25,3,23,15,14,4
24,4260,77,5915,12,5,2,5,2,0,3
34,3622,83,22794,13,6,3,6,5,1,3
26,3955,59,11141,16,6,2,5,3,1,3
47,12936,82,24164,11,25,3,23,5,14,10
25,5206,77,4973,17,7,6,7,7,0,7
41,6032,95,10110,15,8,3,5,4,1,2
20,2783,31,13251,19,2,3,2,2,2,2
26,2741,58,22808,11,8,2,7,7,1,0
47,6397,77,10339,12,8,2,5,4,1,3
26,4364,71,5288,14,5,2,2,2,2,0
37,3936,71,9953,11,8,2,8,4,7,7
40,3319,62,24447,17,9,3,9,8,4,7
25,2187,82,19655,14,6,3,2,0,1,2
47,5467,64,2125,18,16,4,8,7,1,7
29,2062,59,19384,14,11,2,3,2,1,2
36,6815,73,21447,13,15,5,1,0,0,0
34,4759,81,15891,18,15,2,13,9,3,12
27,4105,44,5099,14,7,5,7,7,0,7
32,5396,55,21703,12,10,2,10,7,0,8
50,11245,41,20689,15,32,3,30,8,12,13
30,6578,72,2706,18,10,3,10,3,1,4
21,2716,90,25422,15,1,0,1,0,0,0
26,4157,47,21436,19,5,2,2,2,0,0
27,12808,42,8842,16,9,3,9,8,0,8
43,6804,47,23683,18,7,5,2,2,2,2
31,2695,32,7747,18,3,2,2,2,2,2
35,2430,98,26204,23,6,5,5,3,4,2
22,2871,59,23785,15,1,5,0,0,0,0
44,7879,96,14810,19,9,2,8,7,6,7
37,2073,63,23648,22,7,3,3,2,0,2
42,4523,88,4386,11,7,4,6,5,0,4
42,5231,95,23726,13,17,1,5,3,1,3
31,5582,64,14408,21,10,2,9,0,7,8
36,2741,60,6865,14,7,4,7,7,1,7
18,1420,54,25233,13,0,2,0,0,0,0
47,13770,49,10225,12,28,2,22,2,11,13
34,2585,89,21643,17,2,5,1,0,0,0
58,10552,37,9255,13,24,3,6,0,0,4
36,2543,96,11868,13,6,3,2,2,2,2
44,3161,43,19920,22,19,0,1,0,0,0
40,6323,73,26849,11,10,2,10,9,9,4
54,2897,67,22474,11,9,6,4,3,2,3
58,10312,94,3465,12,40,3,40,10,15,6
23,2275,99,25103,21,3,2,3,2,0,2
31,2789,84,3909,11,2,5,2,2,2,2
38,7625,33,19383,13,10,4,9,7,1,8
38,7756,54,14199,19,10,6,5,4,0,2
28,2377,77,9834,18,6,2,2,2,2,2
26,5296,57,20156,17,8,3,8,7,7,7
27,3058,51,13364,16,6,3,5,2,1,1
32,2439,78,11288,14,4,4,4,2,1,2
37,6474,56,9961,13,14,2,14,8,3,11
29,5869,42,23413,11,8,2,5,2,1,4
46,9396,97,12368,16,17,3,4,2,0,3
36,4663,76,12421,12,7,2,3,2,1,1
32,4200,41,10224,22,10,2,5,4,0,4
30,2141,48,5348,12,6,3,6,4,1,1
31,9852,57,8935,19,10,5,10,8,9,6
34,6799,92,22128,21,10,5,10,8,4,8
44,5743,37,10503,11,14,3,10,7,0,2
58,2380,57,13384,14,3,3,1,0,0,0
44,2362,89,14669,12,10,4,3,2,1,2
31,6583,86,20115,11,8,2,5,2,1,4
38,6261,54,4185,18,9,3,7,7,1,7
25,3424,65,21632,13,6,3,4,3,0,1
35,2506,40,13301,13,7,0,2,2,2,2
36,4678,65,23293,18,8,6,6,2,0,1
36,7644,94,12695,19,10,2,9,7,3,4
39,4127,83,19188,18,7,6,2,1,2,2
35,2426,84,16479,13,6,5,5,4,0,3
41,17181,91,12888,13,21,2,7,6,7,7
36,10325,51,5518,11,16,6,16,7,3,7
29,4554,44,20260,18,10,3,10,7,0,9
36,3688,81,7122,18,4,2,1,0,0,0
33,11691,49,25995,11,14,3,13,9,3,7
36,4485,30,26285,12,10,2,8,0,7,7
38,9824,76,22174,19,18,4,1,0,0,0
54,5485,95,22670,11,9,4,5,3,1,4
37,3500,84,25470,14,7,2,6,5,1,3
33,2342,88,21437,19,3,2,2,2,2,2
50,10854,39,16586,13,20,3,3,2,2,0
49,6567,96,5549,14,16,2,15,11,5,11
33,4373,54,17456,14,5,2,4,3,0,3
27,6349,73,22107,13,6,0,5,4,1,4
28,3464,84,24737,13,5,4,3,2,2,2
39,5204,42,7790,11,13,2,5,4,0,4
35,2074,69,26619,12,1,2,1,0,0,0
50,17399,66,6615,22,32,1,5,4,1,3
36,4941,84,2819,20,7,0,3,2,0,1
21,2679,31,4567,13,1,3,1,0,1,0
50,18200,99,7999,11,32,2,32,5,10,7
52,10445,87,15322,19,18,4,8,6,4,0
33,13610,56,24619,12,15,2,7,6,7,7
47,10333,92,19271,12,28,4,22,11,14,10
22,4775,33,19146,22,4,2,2,2,2,2
28,4382,46,16374,17,5,3,2,2,2,1
33,5368,36,16130,25,7,2,6,5,1,2
40,10855,67,8552,11,15,2,12,11,2,11
27,5071,43,20392,20,8,3,6,2,0,0
40,2406,83,4060,19,8,3,1,0,0,0
55,10976,65,15813,18,23,4,3,2,1,2
33,2313,55,2993,20,5,0,2,2,2,2
37,10609,46,14922,11,17,2,14,1,11,7
34,6029,32,25353,12,6,3,2,2,2,2
46,18789,33,9946,14,26,2,11,4,0,8
38,9924,80,12355,11,10,3,9,8,7,7
30,4627,48,23631,12,10,6,9,2,6,7
34,3737,88,2243,19,4,1,3,2,0,2
34,5433,66,19332,12,11,2,11,8,7,9
36,5406,88,10436,24,15,4,15,12,11,11
35,8837,31,16642,16,9,2,9,0,1,7
35,7632,72,14295,12,10,2,8,7,0,0
40,19833,88,4349,14,21,3,21,8,12,8
24,4999,33,17519,21,4,2,3,2,0,2
53,14852,45,13938,13,22,3,17,13,15,2
32,5470,45,25518,13,10,4,9,5,1,6
28,2561,38,5355,11,8,2,0,0,0,0
55,4035,30,16143,16,4,2,3,2,1,2
30,6091,43,24793,20,11,2,5,4,0,2
26,2366,88,20898,14,8,2,8,7,1,7
23,1601,63,3445,21,1,2,0,0,0,0
51,6132,34,13983,17,10,2,1,0,0,0
42,6062,43,4051,13,8,4,4,3,0,2
35,2559,53,17852,11,6,3,6,5,1,1
35,4717,85,18659,11,15,2,11,9,6,9
20,1009,32,26999,11,1,5,1,0,1,1
28,4724,48,24232,11,5,0,5,3,0,4
29,2168,69,26933,18,6,2,5,4,1,3
43,14336,59,4345,11,25,3,25,10,3,9
40,4422,92,21203,13,16,3,1,1,0,0
29,3131,54,26342,13,10,5,10,8,0,8
46,13225,45,7739,12,25,5,19,17,2,8
44,2342,99,11092,12,6,2,5,3,2,3
47,17169,82,26703,19,26,2,20,17,5,6
32,5309,80,21146,15,10,2,10,8,4,7
38,2619,43,14561,17,8,3,0,0,0,0
51,14026,84,17588,11,33,2,33,9,0,10
58,5660,32,17056,13,12,2,5,3,1,2
35,4859,80,6698,16,5,3,5,4,0,3
45,9380,55,14720,18,10,4,3,1,1,2
56,11103,81,20420,11,30,1,10,7,1,1
37,4107,35,13848,15,8,3,4,3,0,1
37,9525,31,7677,14,6,2,6,3,1,3
39,7880,41,2560,18,9,3,8,7,0,7
35,10274,44,19588,18,15,2,7,7,6,4
54,10686,41,8392,11,13,4,9,4,7,0
32,4025,69,11135,12,10,2,8,7,7,7
48,12504,91,23978,21,15,3,0,0,0,0
33,5488,84,20161,13,6,2,6,5,1,2
31,6172,76,20739,18,12,3,7,7,7,7
46,10453,92,2137,25,24,2,24,13,15,7
38,5745,82,18899,14,10,2,2,2,1,2
38,4440,86,7636,15,16,3,15,13,5,8
43,7847,73,6069,17,10,3,10,9,8,8
37,2326,53,11411,12,4,3,4,2,1,2
39,5238,41,17778,18,12,3,1,0,0,0
28,4936,63,23965,13,6,6,5,1,0,4
35,5689,80,24594,14,10,2,10,2,0,2
30,4152,99,15830,19,11,3,11,10,10,8
39,17123,94,17334,13,21,4,19,9,15,2
43,19392,81,22539,13,21,2,16,12,6,14
27,6811,55,23398,19,9,2,7,6,0,7
42,6244,68,7824,17,10,6,5,4,0,3
31,3978,62,16031,12,4,0,2,2,2,2
39,2404,70,4303,21,8,2,2,2,2,2
29,16124,87,3423,14,9,2,7,7,1,7
49,18665,35,25594,11,22,4,3,2,1,2
38,2858,59,11473,14,20,3,1,0,0,0
35,5098,48,18698,19,10,5,10,7,0,8
42,15992,44,15901,14,16,2,1,0,0,0
31,4084,33,4156,12,7,2,7,2,7,7
34,8628,39,22914,18,9,2,8,7,1,1
36,6586,68,4821,17,17,2,16,8,4,11
27,4342,84,24008,19,5,3,4,2,1,1
40,10932,58,11373,15,20,2,1,0,0,1
34,7083,64,12288,14,10,3,10,9,8,6
43,9985,43,9262,16,10,1,1,0,0,0
31,10793,31,8386,18,13,5,13,7,9,9
41,2782,76,21412,22,12,3,5,3,1,0
31,5003,48,5771,21,10,6,10,8,8,7
45,5399,44,14511,12,12,3,4,2,0,3
33,4682,46,4317,14,9,6,7,7,0,1
27,2478,85,20938,12,4,2,4,3,1,2
36,2571,41,12290,17,17,3,5,2,0,3
33,2028,79,13637,18,14,6,14,11,2,13
31,2911,31,15170,17,5,1,5,2,4,3
19,2325,100,20989,21,1,5,0,0,0,0
32,2794,100,26062,20,5,3,5,1,0,3
36,7779,78,23238,20,18,0,11,9,0,9
37,4071,89,12832,13,19,4,10,0,4,7
28,1052,74,23384,22,1,5,1,0,0,0
25,8639,41,24835,18,6,3,2,2,2,2
29,2319,36,6689,11,1,1,1,0,0,0
29,2514,93,26968,22,11,1,7,5,1,7
41,19973,55,20284,22,21,3,21,16,5,10
30,6347,48,13982,19,12,2,11,9,4,7
39,13464,65,7914,21,9,3,4,3,2,2
22,2398,79,15999,17,1,6,1,0,0,0
31,4345,90,4381,12,6,2,5,4,1,4
45,17650,90,5404,13,26,4,9,3,1,1
42,4556,92,12932,11,19,3,5,4,0,2
31,8943,48,14034,24,10,2,10,9,8,9
51,5482,84,16321,18,13,3,4,1,1,2
34,5343,97,25755,20,14,3,13,9,4,9
33,17444,38,20489,11,10,2,10,8,6,0
35,5204,55,13586,11,10,2,10,8,0,9
40,5677,92,4258,14,15,4,11,8,5,10
33,8380,82,21708,14,10,3,9,8,0,8
34,5714,70,5829,20,6,3,6,5,1,3
34,2691,42,7660,12,10,4,10,9,8,8
30,11416,73,17802,12,9,4,8,7,1,7
33,2909,56,23159,11,8,3,8,7,3,0
45,3633,42,14039,15,9,2,9,8,0,8
37,8834,69,24666,13,9,6,9,5,7,7
31,7547,73,7143,12,13,3,7,7,1,7
32,3068,79,11864,13,8,2,7,7,3,6
28,2080,84,4732,11,5,2,3,2,1,2
26,3904,36,4050,12,5,2,4,3,1,1
30,2132,48,11539,11,7,2,5,2,0,1
33,5376,42,3193,19,10,3,5,3,1,3
38,7861,81,15397,14,10,4,1,0,0,0
41,3072,36,19877,16,17,2,1,0,0,0
51,10650,53,25150,15,18,2,4,2,0,3
38,6288,45,4284,15,13,3,4,3,1,2
27,3540,36,7018,21,9,5,9,8,5,8
53,14275,72,20206,18,33,0,12,9,3,8
30,5301,96,2939,15,4,2,2,1,2,2
30,1081,89,16019,13,1,3,1,0,0,0
30,3833,38,24375,21,7,2,2,2,0,2
58,19701,76,22456,21,32,3,9,8,1,5
34,9725,75,12278,11,16,2,15,1,0,9
26,2544,61,7102,18,8,3,7,7,7,7
51,4936,87,14862,11,18,2,7,7,0,7
39,17068,99,5355,14,21,3,21,9,11,10
36,9980,32,15318,14,10,3,10,3,9,7
32,5228,65,24624,11,13,2,13,12,11,9
56,2942,63,12154,19,18,4,5,4,0,3
57,4900,93,2721,24,13,2,12,9,2,8
57,14118,56,22102,12,32,3,1,0,0,0
40,2342,86,22929,20,5,2,4,2,2,3
23,1790,33,26956,19,1,3,1,0,1,0
53,7005,48,3458,15,11,2,4,3,1,2
38,2440,42,23826,22,4,3,4,3,3,3
36,2143,36,25527,13,8,2,5,2,0,4
29,7918,42,6599,14,11,5,11,10,4,1
38,13206,99,3376,12,20,3,18,16,1,11
47,8633,84,13084,23,25,3,17,14,12,11
32,4883,79,22845,18,10,3,10,4,1,1
35,5208,48,26312,11,16,2,16,15,1,10
36,6499,95,22656,13,6,3,6,5,0,3
49,4284,97,22710,20,20,2,4,3,1,3
34,4381,86,7530,11,6,3,6,5,1,3
39,4534,32,13352,11,9,6,8,7,1,7
30,8474,88,20925,22,12,2,11,8,5,8
51,10596,52,15395,11,14,5,4,2,3,2
35,3506,66,6020,14,4,3,3,2,2,2
60,5405,84,11924,14,10,1,2,2,2,2
50,6728,94,14255,12,12,3,6,3,0,1
45,2132,97,4585,20,8,3,5,4,0,3
56,7260,49,21698,11,37,3,6,4,0,2
46,8578,82,19989,14,12,4,9,8,4,7
42,2766,57,8952,22,7,6,5,3,0,4
60,10883,92,20467,20,19,2,1,0,0,0
25,4194,98,14363,18,5,3,5,3,0,3
28,2706,43,10494,15,3,2,3,2,2,2
53,10169,78,14618,16,34,4,33,7,1,9
39,5151,87,12315,25,10,3,10,0,7,9
48,19665,91,13583,12,29,3,22,10,12,9
37,6502,98,22825,14,7,5,5,4,0,1
41,5467,75,13953,14,12,4,6,2,3,3
21,2610,39,2851,24,3,3,3,2,2,2
32,4403,73,9250,11,8,3,5,2,0,3
37,2090,92,2396,15,7,3,0,0,0,0
59,2670,81,9964,20,12,3,1,0,0,0
45,5210,97,20308,18,24,2,24,9,9,11
35,2022,96,16612,19,10,3,10,2,7,8
36,3692,46,9256,12,12,2,11,10,0,7
41,8938,57,12227,11,14,5,5,4,0,4
41,13591,75,14674,18,16,3,1,0,0,0
42,2372,78,5628,16,18,2,1,0,0,0
42,6825,48,21173,11,10,2,9,7,4,2
24,2033,78,7103,13,1,2,1,0,0,0
33,8224,77,18385,17,6,3,5,2,0,3
43,5562,33,21782,13,12,2,5,2,2,2
25,4256,87,18154,12,5,1,5,2,0,3
38,2684,66,12127,17,3,0,2,1,0,2
33,6388,69,22049,17,14,6,0,0,0,0
53,10934,78,20715,18,35,3,5,2,0,4
43,10820,83,11535,11,18,1,8,7,0,1
42,2593,56,8007,11,10,4,9,6,7,8
53,19094,58,10735,11,26,3,14,13,4,8
29,2119,77,4759,11,7,4,7,7,0,7
29,4335,66,25549,12,11,3,8,7,1,1
37,3022,73,10227,21,8,1,1,0,0,0
50,18172,73,9755,19,28,1,8,3,0,7
29,4649,61,16928,14,4,3,4,3,0,2
33,13458,98,15146,12,15,1,15,14,8,12
55,16756,40,17323,15,31,3,9,7,6,2
51,12490,81,15736,16,16,5,10,9,4,7
30,2613,96,22310,25,10,2,10,7,0,9
49,18711,85,12124,13,23,2,1,0,0,0
47,5067,64,6759,19,20,3,19,10,2,7
31,2501,87,18775,17,1,4,1,1,1,0
47,2105,64,5411,12,7,2,2,2,2,0
58,2372,88,26076,12,2,3,2,2,2,2
41,19545,49,16280,12,23,0,22,15,15,8
29,3785,73,8489,14,5,3,5,4,0,4
50,3221,74,3297,11,20,3,20,8,3,8
32,2837,49,15919,13,6,3,6,2,4,1
44,19049,31,3549,14,23,4,22,7,1,10
38,2844,37,6004,13,7,2,7,6,5,0
26,2042,57,15346,14,6,2,3,2,1,2
40,10475,48,23772,21,20,2,18,13,1,12
45,2274,95,6153,14,1,3,1,0,0,0
46,10527,86,8984,11,28,3,2,2,1,2
28,8722,72,12355,12,10,2,10,7,1,9
34,2932,97,5586,14,6,3,5,0,1,2
55,6385,62,12992,14,17,3,8,7,6,7
19,2994,57,21221,12,1,2,1,0,0,1
32,6162,33,10877,22,9,3,9,8,7,8
40,3975,81,23099,11,11,2,8,7,0,7
30,5209,63,19760,12,11,4,11,8,2,7
22,4171,34,10022,19,4,3,3,2,0,2
48,2259,51,5543,17,13,2,0,0,0,0
45,16792,65,20462,23,22,1,20,8,11,8
53,17584,45,21016,16,21,5,5,3,1,3
36,9699,48,7246,11,16,2,13,9,1,12
29,2720,76,18959,18,10,5,10,7,2,8
46,4615,74,21029,23,19,2,16,13,1,7
41,5003,42,23371,14,8,6,2,2,2,1
41,3140,70,21728,22,4,5,4,3,0,2
52,13247,59,9731,11,24,3,5,3,0,2
51,7484,30,25796,20,23,1,13,12,12,8
26,2293,48,10558,12,1,2,1,0,0,1
36,2644,70,17001,21,7,3,3,2,1,2
38,6673,70,11354,19,17,2,1,0,0,0
31,5332,54,21602,13,10,3,5,2,0,3
44,5454,75,4009,21,9,2,4,3,1,3
30,5304,99,25275,23,10,2,8,7,7,7
31,2302,54,8319,11,3,2,3,2,2,2
27,2394,51,25681,13,8,2,8,2,7,7
28,3201,67,19911,17,6,2,5,3,0,4
24,4377,41,24117,15,5,6,4,2,3,2
50,3690,86,3425,15,5,2,3,2,0,2
39,5902,47,14590,14,17,1,15,11,5,9
30,4695,72,12858,18,10,3,8,4,1,7
30,5126,55,15998,12,10,1,10,8,3,0
29,4187,43,3356,13,10,3,10,0,0,9
59,18844,32,21922,21,30,3,3,2,2,2
36,11713,63,20335,14,10,2,8,7,0,5
29,2404,92,11479,20,3,5,0,0,0,0
30,2033,74,14470,18,1,2,1,0,0,0
50,19926,53,17053,15,21,5,5,4,4,4
37,3920,83,18697,14,17,2,3,1,0,2
38,12061,81,26707,17,19,2,10,8,0,1
41,6230,56,13430,14,16,3,14,3,1,10
29,2109,91,10007,13,1,2,1,0,0,0
45,3697,75,9278,14,12,3,10,9,9,8
28,4221,43,8863,15,5,3,5,4,0,4
29,5373,89,6225,12,6,5,5,3,0,2
42,17665,35,14399,17,23,3,22,6,13,7
48,18265,76,8733,12,25,3,1,0,0,0
20,2926,66,19783,18,1,5,1,0,1,0
31,10648,33,14394,25,13,6,13,8,0,8
41,6430,60,20794,19,10,4,3,2,1,2
29,2335,56,3157,15,4,3,2,2,2,0
42,5155,45,2253,13,9,3,6,4,1,5
36,6652,100,14369,13,8,2,6,3,0,0
28,5661,68,4824,19,9,2,8,3,0,7
32,6735,34,12147,15,10,2,0,0,0,0
36,5347,80,7419,14,10,2,3,2,0,2
42,2576,95,20490,16,8,5,5,2,1,2
43,16064,80,7744,22,22,3,17,13,1,9
36,4502,51,7439,15,17,2,13,7,6,7
25,4000,85,18384,12,6,2,6,3,1,5
36,5674,47,6927,15,11,3,9,8,0,8
36,9738,92,22952,14,10,6,9,7,2,8
38,4735,90,9867,15,19,4,13,11,2,9
33,2799,100,3339,11,6,1,3,2,0,2
45,6434,77,5118,17,9,1,3,2,0,2
27,6500,89,26997,14,9,5,8,7,0,7
34,4599,40,7815,23,16,2,15,9,10,10
29,2703,76,4956,23,6,3,5,4,0,4
32,5010,87,24301,16,12,0,11,8,5,7
46,17465,52,15596,12,23,3,12,9,4,9
39,2086,56,3335,14,19,6,1,0,0,0
44,16328,32,22074,13,24,1,20,6,14,17
40,13237,75,20364,15,22,3,20,6,5,13
55,16835,83,9873,23,37,2,10,9,7,7
41,19419,64,3735,17,21,2,18,16,0,11
43,5346,85,9489,13,7,2,4,3,1,3
38,4198,90,16379,12,8,5,3,2,1,2
29,2760,52,14630,13,2,3,2,2,2,2
26,3578,100,23577,12,8,2,7,7,0,7
45,13245,52,15067,14,17,3,0,0,0,0
34,4325,94,17736,15,5,2,5,2,1,3
38,2610,57,15748,11,4,2,4,2,0,3
55,10239,70,18092,14,24,4,1,0,1,0
18,1878,69,8059,14,0,3,0,0,0,0
40,10435,80,25800,13,18,2,18,15,14,12
35,4014,51,19170,25,10,2,10,6,0,7
28,6674,55,16392,11,10,6,9,8,7,5
20,2728,54,21082,11,2,3,2,2,0,2
33,3408,38,6705,13,8,2,4,3,1,3
31,2356,48,14871,19,8,2,6,4,0,2
40,10322,61,26542,20,14,6,11,10,11,1
50,17856,30,9490,22,32,3,2,2,2,2
27,2580,87,6297,13,6,0,4,2,1,2
28,4558,79,13535,12,10,2,10,0,1,8
36,8321,90,25949,13,15,1,12,8,5,7
53,16598,39,19764,12,35,2,9,8,8,8
42,5538,95,5696,18,10,2,0,0,0,0
37,5163,100,15850,14,17,2,1,0,0,0
43,17159,94,5200,24,22,3,4,1,1,0
23,1223,47,16901,22,1,2,1,0,0,1
52,2950,54,17363,13,12,2,5,4,0,4
29,3760,97,5598,15,3,5,3,2,1,2
50,18740,43,16701,12,29,2,27,3,13,8
42,4907,99,24532,25,20,3,20,16,11,6
34,4404,82,10228,12,6,3,4,3,1,2
32,3931,56,20990,11,6,5,4,3,1,2
38,10609,76,9647,12,17,6,16,10,5,13
30,3204,84,10415,14,8,3,3,2,2,2
56,5380,89,20328,16,6,3,0,0,0,0
27,3816,82,17881,11,5,2,5,2,0,4
36,2835,39,2561,22,7,2,1,0,0,0
40,3377,99,25605,17,7,5,4,3,0,2
37,10048,61,22573,11,17,5,1,0,0,0
33,2008,59,20439,12,1,2,1,1,0,0
36,5237,94,16577,13,17,3,7,7,7,7
39,3755,48,17872,11,8,3,8,3,0,7
36,5079,84,25952,13,12,3,7,7,0,7
25,4898,62,7505,12,5,3,4,2,1,2
36,5228,35,23361,15,10,2,9,7,0,5
37,4197,49,21123,12,18,2,1,0,0,1
51,19847,83,19196,24,31,5,29,10,11,10
49,16413,72,3498,16,27,2,4,2,1,2
35,5093,61,4761,11,16,2,1,0,0,0
43,2437,38,15587,16,6,4,1,0,0,0
33,4302,30,13401,17,4,3,3,2,0,2
26,4306,45,4267,12,8,5,0,0,0,0
46,10845,75,24208,13,13,3,8,7,0,7
56,2587,97,10261,16,5,3,4,2,1,0
32,4668,35,22812,17,9,2,8,7,0,7
30,2083,71,22653,20,1,2,1,0,0,0
30,9714,64,5323,11,10,4,10,8,6,7
27,4227,47,4658,18,4,2,3,2,2,2
42,13348,83,14842,13,18,3,13,7,5,7
20,2600,98,18275,15,1,2,1,0,0,0
50,3875,54,9983,15,4,2,2,2,2,2
19,1102,47,9241,22,1,3,1,0,1,0
31,3067,54,6393,19,3,1,2,2,1,2
29,2157,84,18203,15,3,5,3,1,0,2
42,3968,81,13624,13,8,3,0,0,0,0
36,5673,63,6060,13,10,4,10,9,1,7
42,13758,44,2447,12,22,2,21,9,13,14
46,17048,69,24097,23,28,2,26,15,15,9
39,12031,60,8828,11,21,2,20,9,9,6
30,2693,67,13335,22,1,2,1,0,0,0
36,5810,37,22604,16,10,2,10,4,1,8
41,2778,57,17725,13,10,1,7,7,1,0
22,2814,85,10293,14,4,2,4,2,1,3
21,2174,99,9150,11,3,3,3,2,1,2
41,3376,43,18863,13,10,3,10,6,0,8
35,2450,68,21731,19,3,3,3,0,1,2
47,18300,42,16375,11,21,2,3,2,1,1
45,10851,95,19863,18,24,2,7,7,0,7
29,8853,87,24483,19,6,0,6,4,1,3
26,2966,30,21378,18,5,2,4,2,0,0
51,2723,96,23231,11,1,0,1,0,0,0
34,5747,86,26496,15,16,3,15,10,6,11
35,6540,97,19394,19,10,5,1,1,0,0
40,2018,86,21831,14,15,3,5,4,1,0
42,13191,60,23281,17,20,6,1,0,0,0
38,4317,32,2302,20,19,2,3,2,2,2
24,4577,65,24785,14,4,3,2,2,2,0
39,8237,38,4658,11,11,3,7,6,7,6
40,2387,88,6762,22,7,3,4,2,0,3
45,7441,66,20933,12,10,4,10,8,7,7
40,2001,98,12549,14,20,2,5,3,0,2
34,9950,43,11533,15,11,2,3,2,0,2
32,11159,39,19373,15,10,6,7,7,7,7
50,13269,50,21981,15,19,3,14,11,1,11
37,2793,41,2539,17,13,2,9,8,5,8
29,7553,84,22930,12,9,1,8,7,7,7
35,8789,92,9096,14,10,3,10,7,0,8
31,9637,68,8277,14,9,3,3,2,2,2
38,3702,40,16376,11,5,3,5,4,0,4
27,9981,90,12916,14,7,2,7,7,0,7
46,5021,80,10425,22,16,2,4,2,0,2
41,2238,94,6961,21,7,2,5,0,1,4
40,19626,44,17544,14,21,2,20,7,4,9
30,4115,61,13192,19,8,3,4,3,0,3
30,3491,49,11309,13,10,4,10,7,8,9
34,2008,83,6896,14,1,3,1,0,1,0
40,4639,84,11262,15,5,2,5,4,1,2
29,2297,83,17967,14,2,2,2,2,2,2
46,19081,52,10849,11,25,2,4,2,0,3
41,8189,96,21196,13,12,2,9,7,0,7
39,5736,32,3987,19,10,1,3,2,1,2
29,3291,61,17940,14,8,2,7,5,1,1
52,16555,30,10310,13,31,2,5,2,1,4
37,2996,54,5182,15,8,2,6,4,1,3
29,5561,62,3487,14,6,5,6,0,1,2
44,3195,44,4167,18,8,2,2,2,2,2
45,4286,100,5630,14,5,4,1,1,0,0
25,6232,93,12477,11,6,3,3,2,1,2
47,2976,99,25751,19,5,3,0,0,0,0
37,3034,95,26914,12,18,2,18,7,12,17
41,5993,94,19479,11,8,0,6,4,0,5
57,6755,88,2967,11,15,2,3,2,1,2
18,1904,80,13556,12,0,0,0,0,0,0
32,6667,34,16542,18,9,6,5,1,1,2
26,6272,66,7428,20,6,5,5,3,1,4
33,8564,74,10092,20,11,2,0,0,0,0
35,4014,30,16002,15,4,3,2,2,2,2
32,2314,61,9148,12,4,2,3,0,0,2
35,5813,84,13492,18,10,2,10,7,7,7
39,3646,54,17181,23,11,2,1,0,0,0
58,10008,53,12023,14,31,0,10,9,5,9
36,2088,30,15062,12,13,3,8,7,7,2
31,6582,77,8346,13,10,2,6,5,0,5
26,2368,46,23300,19,5,3,5,4,4,3
39,3904,93,22154,13,6,2,5,2,0,3
27,7412,68,6009,11,9,3,9,7,0,7
44,2936,96,10826,11,6,4,6,4,0,2
45,2270,91,11005,14,8,2,5,3,0,2
40,13503,78,14115,22,22,3,22,3,11,11
47,11957,98,17231,18,14,3,13,8,5,12
34,2311,95,5711,15,9,3,3,2,1,2
44,4541,32,7744,25,20,3,20,11,13,17
36,4639,83,2261,16,17,2,15,7,6,13
27,4621,87,5869,19,3,4,3,2,1,2
24,3202,62,21972,16,6,4,5,3,1,4
39,10938,64,6420,25,20,1,19,6,11,8
36,3388,79,21777,17,2,0,1,0,0,0
34,2979,40,22478,17,6,2,0,0,0,0
50,9208,77,6645,11,16,3,2,2,2,1
41,16015,88,15896,19,22,2,22,10,0,4
31,6179,98,21057,15,10,3,10,2,6,7
39,19272,54,21141,15,21,2,21,9,13,3
44,2436,42,13422,12,6,2,4,3,1,2
33,4320,44,24152,13,5,2,5,3,0,2
33,7104,39,20431,12,6,3,5,0,1,2
25,4907,85,13684,22,6,3,5,3,0,4
37,5731,52,17171,13,9,2,6,2,1,3
37,3452,98,17663,20,17,3,5,4,0,3
27,3041,85,16346,11,5,3,4,3,0,2
25,3977,57,7298,19,7,2,2,2,0,2
30,6118,30,5431,13,10,2,10,9,1,2
29,2546,71,18300,16,6,2,2,2,1,1
27,2566,79,25326,15,1,2,1,1,0,1
44,10248,42,2094,14,24,4,22,6,5,17
23,2819,58,8544,16,5,3,3,2,0,2
43,2089,37,5228,14,7,3,5,4,2,2
29,3339,39,17285,13,10,2,7,7,7,7
27,4774,77,23844,19,8,2,7,6,7,3
46,7314,64,14011,21,14,2,8,7,0,7
32,3038,43,12430,20,8,2,5,4,1,4
30,9419,41,8053,12,12,2,10,9,7,4
37,7642,32,4814,13,10,2,10,0,0,9
30,3072,66,11012,11,12,4,12,9,6,10
38,4028,46,7791,20,8,2,7,7,0,5
33,5505,93,3921,14,6,5,6,2,0,4
35,4148,52,12250,12,15,5,14,11,2,9
26,2875,53,9973,20,8,2,8,5,2,2
43,5679,72,19627,13,10,3,8,7,4,7
32,6220,66,7346,17,10,3,10,4,0,9
31,3477,69,18103,14,6,2,5,2,0,3
52,3149,82,21821,20,9,3,5,2,1,4
44,13320,53,11737,18,23,2,12,11,11,11
29,2532,62,6054,14,8,5,4,3,0,3
28,2515,79,22955,11,1,4,1,1,0,0
33,2436,58,22149,13,8,2,5,4,0,4
30,2422,60,25725,17,4,3,3,2,1,2
30,2657,88,8556,11,8,5,5,2,0,4
28,2713,42,6672,11,5,2,5,2,0,2
31,4559,71,24788,11,4,2,2,2,2,2
21,2380,58,25479,11,2,6,2,2,1,2
37,12185,47,10056,14,10,1,10,8,0,7
38,3306,87,26176,19,7,5,0,0,0,0
25,2096,40,18830,18,2,3,2,2,2,1
33,2756,72,4673,13,8,5,8,7,1,6
27,2341,33,19715,13,1,6,1,0,0,0
32,6725,93,13554,12,8,2,8,7,6,3
25,2889,64,26897,11,2,2,2,2,2,1
36,3419,82,13072,14,6,3,1,1,0,0
55,19859,78,21199,13,24,2,5,2,1,4
42,2936,38,6161,22,10,1,6,3,3,3
22,2472,75,26092,23,1,2,1,0,0,0
30,3748,76,4077,13,12,6,12,8,1,7
35,3681,54,14004,14,9,3,3,2,0,2
52,5577,78,22087,12,18,3,10,9,6,9
54,10502,53,9659,17,33,2,5,4,1,4
52,8446,64,21534,19,10,2,8,7,7,7
34,2960,83,17102,11,8,2,4,2,1,3
55,19636,71,25811,18,35,0,10,9,1,4
42,16799,31,16616,14,21,5,20,7,0,9
35,2194,79,5868,13,5,2,3,2,1,2
40,6852,84,11591,12,7,2,5,1,1,3
31,5238,30,6670,20,9,3,5,4,1,4
41,9355,56,9558,18,8,5,8,7,7,7
26,2659,71,17759,13,3,2,3,2,0,2
32,2827,76,14947,12,1,3,1,0,0,0
38,2592,100,7129,13,13,3,11,10,3,8
22,2244,43,24440,13,2,1,2,1,1,2
22,2451,94,6881,15,4,3,4,3,1,1
27,2811,37,12086,14,4,2,2,2,2,2
38,5405,77,4244,20,20,4,4,2,0,3
29,4262,34,22645,12,8,2,3,2,1,2
28,3485,79,14935,11,5,5,0,0,0,0
31,4424,61,20682,23,11,2,11,7,1,8
55,13577,37,25592,15,34,3,33,9,15,0
59,2267,52,25657,17,7,2,2,2,2,2
48,4051,37,19658,14,14,2,9,7,6,7
43,2258,61,15238,20,8,1,3,2,1,2
35,10221,59,18869,21,17,3,8,5,1,6
33,2500,90,10515,14,4,2,3,1,0,2
53,15427,78,22021,16,31,3,25,8,3,7
46,7991,98,25166,15,6,3,2,2,2,2
31,2109,96,24609,18,8,3,3,2,0,2
38,11510,92,15682,14,12,3,11,10,2,9
55,14732,81,12414,13,31,4,7,7,0,0
60,5220,52,10893,18,12,3,11,7,1,9
58,19246,31,25761,12,40,2,31,15,13,8
38,2406,50,5456,11,10,2,10,3,9,9
46,10368,74,5596,12,13,5,10,6,0,3
28,2070,94,2613,23,5,3,5,2,0,4
56,2339,72,3666,11,14,4,10,9,9,8
33,4539,82,4905,12,10,3,10,7,0,1
40,4069,72,8841,18,8,2,2,2,2,2
27,2863,58,19555,12,1,2,1,0,0,0
26,6397,84,26767,20,6,6,6,5,1,4
35,5762,90,24442,14,15,6,7,7,1,7
33,6949,42,12291,14,6,3,5,0,1,4
40,6380,68,6110,12,8,6,6,4,1,0
34,2307,85,14460,23,5,2,5,2,3,0
50,2683,86,3810,14,3,2,3,2,0,2
48,4240,97,13119,13,19,0,2,2,2,2
54,6854,68,15696,15,14,2,7,1,1,7
20,2044,49,22052,13,2,3,2,2,0,2
43,2438,52,24978,13,7,2,3,2,1,2
29,6384,93,21143,17,11,3,7,0,1,6
34,2029,92,15891,20,5,2,5,4,0,0
42,2759,57,20366,12,7,2,2,2,2,2
27,3517,86,22490,17,5,0,3,2,0,2
19,2121,37,9947,13,1,3,1,0,0,0
39,12742,65,7060,16,21,3,21,6,11,8
27,2279,99,11781,16,7,2,7,7,0,3
59,10512,67,20002,12,25,6,9,7,5,4
31,11557,44,25291,21,10,3,5,4,0,1
28,3196,78,12449,12,6,2,6,5,3,3
34,6538,72,12740,15,6,3,3,2,1,2
31,2329,41,11737,15,13,2,7,7,5,2
53,7525,38,23537,12,30,2,15,7,6,12
41,13570,60,5640,23,21,3,20,7,0,10
54,10739,56,13943,11,22,2,10,7,0,8
30,2097,53,16734,15,9,3,5,3,1,4
49,10965,31,12066,24,26,2,5,2,0,0
46,4810,87,26314,14,19,5,10,7,0,8
36,3038,55,22002,12,5,3,1,0,0,0
32,2432,47,15318,14,8,2,4,1,0,3
27,4066,67,16290,11,7,3,7,7,0,7
32,6322,92,18089,12,6,2,6,4,0,5
29,5056,79,17689,15,10,2,10,7,1,2
37,3564,65,22977,12,8,3,8,7,1,7
35,2690,63,7713,18,1,5,1,0,0,1
51,16307,66,5594,14,29,2,20,6,4,17
34,4505,45,15000,15,12,3,1,0,0,0
40,18041,79,13022,14,21,2,20,15,1,12
38,2991,88,5224,11,7,2,6,2,1,2
48,7898,54,18706,11,11,2,10,9,0,8
42,4434,98,11806,13,10,3,9,8,7,8
31,11031,40,26862,20,13,2,11,7,4,8
46,9619,64,13596,16,9,3,9,8,4,7
35,2376,47,26537,13,2,2,2,2,2,2
29,1091,45,10642,17,1,3,1,0,0,0
42,4332,37,14811,12,20,2,20,9,3,7
39,10880,82,5083,13,21,2,21,6,2,8
22,2773,69,12145,20,3,3,2,2,2,2
29,4193,49,12682,12,10,3,9,5,0,8
43,4522,74,2227,14,8,3,5,2,0,2
26,4741,60,22722,13,5,3,5,3,3,3
31,5855,41,17369,11,10,2,9,7,8,5
32,1393,95,24852,12,1,2,1,0,0,0
38,4771,71,14293,19,10,0,5,2,0,3
20,2973,84,13008,19,1,2,1,0,0,0
56,19943,92,18575,13,28,2,5,2,4,2
34,2231,75,11314,18,6,3,4,3,1,2
31,6833,80,17089,12,6,2,6,5,0,1
48,15202,89,5602,25,23,3,2,2,2,2
40,19436,49,5949,19,22,5,21,7,3,9
40,7457,57,13273,22,6,2,4,3,0,2
35,5561,71,15975,16,6,2,5,3,0,4
34,2742,52,3072,15,2,0,2,2,2,2
35,1281,41,16900,18,1,3,1,0,0,0
34,2996,91,20284,14,10,2,4,3,1,3
40,8396,74,22217,14,8,3,7,7,7,5
34,5346,93,6208,17,11,3,7,1,0,7
36,4834,81,7858,14,9,3,1,0,0,0
46,16606,51,11380,12,23,2,13,12,5,1
27,4647,71,16673,20,6,3,6,5,0,4
34,11994,53,21293,11,13,4,12,6,2,11
42,6781,98,17078,23,14,6,1,0,0,0
30,2180,66,9732,11,6,0,4,2,1,2
37,6347,61,23177,16,8,2,6,2,0,4
54,3780,42,23428,11,19,3,1,0,0,0
49,19502,58,2125,17,31,5,31,9,0,9
29,2058,85,19757,14,7,1,6,2,1,5
25,1118,73,8040,14,1,4,1,0,1,0
38,2133,58,18115,16,20,3,20,11,0,7
36,9278,99,20763,16,15,3,5,4,0,1
39,4108,52,5340,13,18,2,7,7,1,7
46,10673,40,3142,13,21,5,10,9,9,5
54,17328,54,5652,19,29,3,20,7,12,7
45,4447,57,23163,12,9,5,9,7,0,8
27,5769,98,7100,11,6,3,6,2,4,4
45,2348,60,10901,18,20,2,17,9,0,15
31,5468,91,13402,14,13,3,12,7,5,7
27,6142,87,5174,20,6,0,6,2,0,3
44,10482,91,2326,14,24,1,20,6,3,6
35,2572,72,20317,16,3,1,3,2,0,2
38,5666,85,19899,13,6,1,5,3,1,3
30,2862,33,3811,12,10,2,10,0,0,8
20,2836,83,11757,13,1,0,1,0,0,0
38,3057,92,20471,13,6,0,1,0,0,1
50,4728,81,17251,14,5,4,0,0,0,0
27,2045,54,15174,13,5,0,4,2,1,1
36,2342,77,8635,21,6,3,5,4,0,3
42,4841,68,24052,14,4,3,1,0,0,0
58,15787,87,21624,14,23,3,2,2,2,2
33,7119,34,21214,15,9,2,3,2,1,2
34,11631,45,5615,12,14,6,11,10,5,8
35,3917,45,9541,20,3,4,3,2,1,2
35,8606,91,21195,19,11,3,11,8,3,3
41,4766,46,9051,11,6,4,1,0,0,0
43,16959,92,19494,12,25,3,25,12,4,12
32,2795,87,18016,24,1,2,1,0,0,1
35,10685,66,23457,20,17,2,17,14,5,15
31,2657,42,7551,16,3,5,2,2,2,2
45,13496,79,7501,14,21,2,20,7,4,10
33,2277,57,22650,11,7,4,4,3,0,3
32,6209,56,11693,15,10,4,10,7,0,8
34,4033,95,15834,11,5,3,3,2,0,2
40,4327,62,25440,12,5,2,0,0,0,0
34,4568,72,10034,20,10,2,9,5,8,7
33,3055,90,6194,15,11,2,9,8,1,7
32,4078,36,20497,13,4,3,3,2,1,2
20,2678,43,5050,17,2,2,2,1,2,2
36,8858,51,15669,11,15,2,14,8,7,8
27,3468,40,16632,12,6,3,2,2,2,2
25,3229,81,4910,11,7,2,3,2,0,2
37,4189,46,8800,14,5,2,5,2,0,3
46,16872,75,14977,12,28,2,7,7,7,7
45,5770,59,5388,19,10,3,10,7,3,9
34,9713,64,24444,13,9,3,5,3,1,0
22,3894,99,9129,16,4,3,2,2,1,2
35,9362,60,19944,11,10,2,2,2,2,2
29,2362,100,7568,13,11,2,9,7,0,7
40,13499,88,13782,17,20,3,18,7,2,13
31,2956,89,21495,17,2,4,1,0,0,0
39,9613,48,10942,17,19,5,18,10,3,7
28,4877,39,20460,21,6,5,5,3,0,0
33,11878,74,23364,11,12,2,10,6,8,8
19,1483,79,16102,14,1,3,1,0,0,0
34,3280,72,13551,16,10,2,4,2,1,3
48,5381,98,19294,13,23,2,1,0,0,0
39,5377,76,3835,13,10,3,7,7,7,7
31,4148,96,11275,12,4,1,4,3,0,3
27,2539,55,7950,13,4,0,4,2,2,2
34,2972,35,22061,13,1,4,1,0,0,0
24,2400,38,5530,13,3,3,2,2,2,1
51,13142,82,24439,16,29,1,5,2,0,3
50,17924,98,4544,11,31,3,31,6,14,7
31,2218,98,16193,12,4,3,4,2,3,2
36,8847,48,13934,11,13,2,3,2,0,2
27,4478,74,5242,11,5,3,5,4,0,4
38,3944,45,4306,11,6,3,3,2,1,2
40,9705,67,20652,12,11,2,1,0,0,0
43,2645,72,21923,12,6,3,5,3,1,4
27,2517,76,3208,11,5,2,5,3,0,3
28,2703,39,22088,14,3,2,3,1,0,2
27,2379,53,19826,14,6,3,5,4,0,2
45,2654,69,9655,21,8,3,2,2,0,2
34,4444,46,22534,13,15,2,11,8,5,10
27,8793,32,4809,21,9,4,9,7,1,7
59,11904,66,11038,14,14,1,6,4,0,4
44,10209,86,19719,18,16,2,2,2,2,2
31,13675,73,13523,12,9,3,2,2,2,2
23,2073,45,12826,16,4,2,2,2,2,2
38,8823,65,24608,18,20,4,19,9,1,9
43,16627,50,2671,14,21,3,1,0,0,0
32,8998,43,15589,14,9,2,9,8,3,7
35,4249,87,2690,11,9,3,9,6,1,1
19,2552,54,7172,25,1,4,1,1,0,0
45,10761,74,19239,12,18,2,5,4,0,2
26,4294,52,11148,12,7,2,7,7,0,7
36,7587,76,14229,15,10,1,10,7,0,9
43,7510,30,16873,17,10,1,10,9,0,9
22,2935,96,7324,13,1,2,1,0,0,0
19,1675,50,26820,19,0,2,0,0,0,0
36,5410,53,2323,11,18,2,16,14,5,12
31,2785,90,11882,14,3,3,1,0,0,0
36,5131,97,9192,13,18,3,4,2,0,2
52,19999,65,5678,14,34,5,33,18,11,9
32,3312,35,18783,17,6,3,3,2,0,2
39,10920,71,3449,21,13,2,6,4,0,5
52,3482,40,19788,15,16,3,9,8,0,0
32,3433,56,17360,13,10,3,5,2,1,3
34,2553,100,8306,16,6,3,5,2,1,3
31,3929,95,6984,23,7,0,4,2,0,2
18,1200,69,9724,12,0,2,0,0,0,0
21,3447,49,24444,11,3,2,3,2,1,2
36,6962,73,19573,22,15,2,1,0,0,0
24,3907,91,3622,13,6,2,6,2,1,2
34,2929,35,20338,12,10,3,10,9,8,7
25,4851,57,15678,22,4,4,3,2,1,2
28,1563,72,12530,14,1,2,1,0,0,0
24,2127,94,9100,21,1,2,1,0,0,0
58,3346,75,11873,20,9,3,1,0,0,0
32,3298,80,15053,12,7,5,6,2,0,5
29,3180,97,4668,13,4,3,3,2,0,2
29,2642,99,2755,11,1,6,1,0,0,0
44,2559,61,7508,13,8,0,8,7,7,1
23,3989,93,20586,11,5,2,5,4,1,2
36,5647,98,13494,13,11,3,3,2,0,2
46,5562,34,9697,14,19,3,10,7,0,9
40,4661,98,22455,13,9,4,9,8,8,8
31,3065,48,3995,13,4,3,4,2,2,3
55,5415,37,15972,19,12,4,10,7,0,8
26,2377,37,19373,20,1,0,1,1,0,0
59,2177,70,8456,17,7,6,1,0,0,0
32,3919,72,4681,22,10,5,10,2,6,7
30,2983,57,18398,14,4,3,3,2,1,2
32,2269,68,18024,14,3,2,2,2,2,2
29,2389,86,14961,13,4,3,4,3,0,1
35,2014,97,9687,13,2,3,2,2,2,2
52,19845,57,25846,15,33,3,32,14,6,9
40,2345,68,8045,14,8,3,3,1,1,2
32,4707,60,23914,12,6,2,4,2,1,2
33,5147,62,10697,15,13,2,11,7,1,7
42,18880,56,17312,11,24,2,22,6,4,14
36,2519,79,12287,21,16,6,11,8,3,9
48,17174,58,2437,11,24,3,22,17,4,7
49,3580,36,10554,16,7,2,4,2,0,2
43,3539,97,5033,13,10,5,9,7,1,8
37,5768,85,26493,17,9,2,4,3,0,2
45,16704,48,17119,11,21,2,21,6,8,6
55,2662,98,7975,20,19,2,5,2,0,4
28,2596,45,7160,15,1,2,1,0,0,0
22,2323,80,11992,24,2,6,2,2,2,2
56,19717,99,4022,14,36,4,7,3,7,7
35,4581,36,10414,24,13,2,11,9,6,7
49,13120,56,11879,17,22,3,9,8,2,3
24,2145,59,2097,14,3,2,2,2,2,1
46,7379,60,17433,11,12,3,6,3,1,4
45,18824,94,2493,16,26,2,24,10,1,11
53,2306,34,16047,20,13,3,7,7,4,5
45,5906,93,23888,13,10,2,9,8,3,8
33,7725,30,5335,23,15,2,13,11,4,7
46,17567,56,3156,15,27,5,26,0,0,12
35,6883,49,5151,16,17,3,7,7,0,7
34,4809,41,12482,14,16,3,16,13,2,10
24,2694,60,26551,11,1,4,1,0,0,0
35,2705,91,9696,16,6,2,5,4,0,3
45,4385,52,24162,15,10,2,10,7,4,5
35,9884,79,8302,13,10,3,4,0,2,3
35,7295,94,11439,13,10,3,10,8,0,6
41,8392,49,19566,16,10,2,10,7,0,7
33,4878,95,21653,13,10,6,9,7,8,1
36,2153,73,7703,13,8,2,8,1,1,7
23,2647,78,13672,13,5,6,5,2,1,4
29,4723,87,16213,18,10,3,10,9,1,5
38,9526,44,8787,21,10,2,9,7,1,8
31,16422,93,8847,11,9,3,3,2,1,0
43,5675,92,19246,20,7,5,7,7,7,7
24,3172,89,16998,11,4,2,0,0,0,0
45,4805,61,16177,19,9,3,8,7,3,7
42,6545,82,23016,13,10,1,3,2,0,2
31,6812,96,17198,19,10,2,10,9,1,8
28,2044,82,5531,11,5,6,5,3,0,3
32,2743,77,7331,20,2,2,2,2,2,2
26,2867,95,20006,13,8,6,7,7,7,6
30,3761,75,2373,12,10,3,5,4,0,3
23,2904,83,16092,12,4,2,4,2,0,2
38,5811,60,24539,16,15,2,1,0,1,0
32,2176,84,19737,13,9,5,6,2,0,4
40,5605,54,8504,11,20,2,20,7,2,13
37,6447,65,15701,12,8,2,6,5,4,3
24,3162,46,10778,17,6,2,5,2,3,4
40,2809,52,2725,14,8,2,2,2,2,2
36,2810,66,9238,22,5,3,5,4,0,2
23,2500,37,4344,14,5,2,4,3,0,2
44,7978,73,14075,11,10,2,10,7,0,5
42,4089,81,5718,13,10,4,10,2,2,2
29,2804,87,15434,11,1,3,1,0,0,0
40,2166,73,3339,14,10,3,4,2,0,3
30,2720,35,11162,13,6,3,5,3,1,2
30,6577,83,19558,11,6,6,5,4,4,4
42,17861,37,26582,13,21,3,20,8,2,10
42,5087,77,2900,12,14,4,0,0,0,0
28,4908,98,24252,14,4,3,4,2,0,2
26,2340,66,23213,18,1,3,1,0,0,0
40,19033,46,6499,14,21,2,20,8,9,9
49,3211,84,22102,14,10,3,9,6,1,4
26,2305,62,6217,15,3,3,3,2,0,2
55,5160,37,21519,16,12,3,9,7,7,3
30,2632,75,23910,14,5,4,5,4,0,4
50,6347,95,24920,12,19,3,18,7,0,13
35,4614,67,23288,18,5,0,4,2,3,2
42,5265,36,16439,16,11,5,5,3,0,2
33,2781,60,6311,13,15,5,14,10,4,10
50,19144,96,15815,14,28,4,10,4,1,6
26,5828,48,8450,12,8,0,8,7,7,4
29,4787,36,26124,14,4,3,2,2,2,2
39,19197,52,8213,14,21,3,21,8,1,6
56,4963,72,4510,18,7,2,5,4,4,3
55,3537,94,23737,12,8,1,4,2,1,2
34,3815,43,5972,17,5,4,5,3,2,0
35,4323,100,7108,17,6,2,5,4,1,4
33,2911,63,14776,13,2,2,2,2,0,2
31,5617,63,21075,11,10,4,10,7,0,8
28,2144,49,2122,14,5,3,5,3,1,4
18,1569,70,18420,12,0,2,0,0,0,0
36,7596,61,3809,13,10,2,10,9,9,0
30,9667,64,2739,14,9,3,7,7,0,2
45,4477,83,20100,19,7,2,3,2,0,2
54,5940,52,17011,14,16,4,6,2,0,5
32,6524,48,8891,14,10,3,10,8,5,3
49,5130,61,24907,23,10,3,10,7,1,7
54,17328,30,13871,12,23,3,5,3,4,4
35,4601,86,6179,16,5,3,5,2,1,0
31,1129,59,17536,11,1,4,1,0,0,0
41,6151,40,22074,13,19,4,19,2,11,9
37,4213,58,4992,15,10,4,10,3,0,8
32,9907,82,26186,12,7,3,2,2,2,2
42,2093,97,9260,17,8,4,2,2,2,0
28,2408,51,7324,17,1,3,1,1,0,0
38,2468,75,15963,14,9,4,6,1,0,5
21,2693,65,8870,19,1,3,1,0,0,0
35,4788,44,25388,11,4,2,3,2,0,2
31,8161,70,19002,13,10,2,1,0,0,0
40,4448,47,10748,12,15,3,7,4,7,7
52,4941,85,17747,15,11,3,8,2,7,7
37,2973,54,21222,15,10,3,5,4,0,0
31,2321,46,10322,22,4,0,3,2,1,2
33,3143,90,6076,19,14,1,10,8,7,6
18,1611,97,19305,15,0,5,0,0,0,0
52,13826,81,19028,22,31,3,9,8,0,0
42,2515,35,9068,14,8,2,2,1,2,2
27,3445,67,6152,11,6,5,6,2,1,4
37,13744,42,15471,25,16,2,16,11,6,8
49,4507,80,8191,12,8,1,5,1,0,4
41,4393,54,26841,21,14,3,5,4,1,4
37,6694,88,24223,14,8,5,1,0,0,0
29,2800,48,23522,19,5,3,3,2,0,2
31,1359,50,16154,12,1,3,1,0,0,0
53,2450,86,10919,17,19,4,2,2,2,2
38,13582,80,16292,13,15,3,15,12,5,11
37,2782,82,19905,13,6,3,5,3,4,3
30,9250,33,17799,12,9,3,4,2,1,3
41,2289,94,20520,20,5,2,5,3,0,4
36,6842,79,26308,20,13,3,5,4,0,4
34,8621,46,17654,14,9,3,8,7,7,7
35,2404,76,16192,13,1,3,1,0,0,0
28,2216,67,3872,13,10,4,7,7,3,7
47,15972,47,21086,14,29,2,3,2,1,2
26,4969,79,21813,18,7,6,2,2,2,2
34,8103,75,16495,12,9,3,4,2,0,1
31,5460,66,6219,22,13,4,7,7,5,7
54,13549,60,24001,12,16,5,4,3,0,3
47,3420,74,10205,12,17,2,6,5,1,2
25,6180,32,22807,23,6,5,6,5,1,4
55,19038,60,19805,12,34,2,1,0,0,0
50,2380,64,20165,18,8,5,1,0,0,0
33,3600,99,8429,13,5,2,5,4,1,4
44,2011,72,19982,13,10,5,10,5,7,7
48,5486,96,24795,11,15,3,2,2,2,2
22,2328,60,12392,16,4,2,4,2,2,2
54,19406,86,8509,11,24,4,4,2,1,2
34,7756,45,22266,17,7,1,6,2,0,4
35,8966,94,21026,15,15,2,7,7,1,7
25,4487,99,12090,11,5,3,5,4,1,3
50,19237,62,12853,11,29,2,8,1,7,7
26,2933,90,14908,13,1,3,1,0,1,0
32,9610,80,3840,13,10,2,4,3,0,2
41,2127,90,5561,12,7,5,4,2,0,3
38,2899,98,12102,19,3,3,2,2,1,2
28,4779,81,3698,20,8,2,8,7,7,5
41,4103,66,4297,17,10,2,9,3,1,7
35,3743,39,10074,24,5,2,4,2,0,2
25,2413,36,18798,18,1,2,1,0,0,0
58,13872,37,24409,13,38,1,37,10,1,8
48,16885,35,16154,22,27,3,5,4,2,1
52,7969,39,19609,14,28,4,5,4,0,4
53,8381,34,7507,20,18,2,14,7,8,10
49,4789,43,23070,25,10,3,3,2,1,2
28,2909,92,15747,15,5,3,3,2,1,2
28,3867,52,14222,12,2,2,2,2,2,2
51,2461,34,10332,12,18,2,10,0,2,7
27,4298,60,9679,19,6,1,2,2,2,0
26,2942,61,8916,23,8,3,8,7,5,7
44,4768,79,9282,12,11,4,1,0,0,0
35,1951,75,10910,12,1,3,1,0,0,0
27,2099,91,7679,14,6,3,5,0,1,4
52,3212,89,3300,15,6,3,2,2,2,2
34,5304,67,4652,13,9,3,5,2,0,4
26,2373,45,14180,13,5,2,3,2,0,2
26,2886,90,3032,22,3,3,3,2,0,2
40,3448,78,13436,22,20,3,1,0,0,0
47,16752,33,12982,11,26,3,26,14,3,0
35,10306,55,21530,17,15,3,13,12,6,0
50,14411,88,24450,13,32,2,32,6,13,9
35,10903,78,9129,16,16,2,13,10,4,8
21,3117,97,26009,18,3,2,2,2,2,2
27,2226,41,6073,11,6,3,5,3,1,2
48,8120,56,18597,12,12,3,2,2,2,2
36,10096,59,8202,13,17,2,17,14,12,8
28,2028,50,12947,14,6,4,4,2,0,3
36,2013,77,10950,11,15,4,4,3,1,3
30,2064,46,15428,21,6,3,5,3,1,3
48,15402,40,17997,11,21,3,3,2,0,2
55,16659,97,23258,13,30,2,5,4,1,2
55,18722,61,13339,11,36,3,24,15,2,15
34,2220,87,18410,19,1,2,1,1,0,0
30,6696,52,22967,15,9,5,6,3,0,1
35,9582,86,10333,22,9,2,8,7,4,7
54,16032,87,24456,20,26,2,14,9,1,12
42,6272,79,12858,16,10,3,4,3,0,3
29,3983,30,7621,17,4,2,3,2,2,2
47,4163,83,8571,17,9,0,9,0,0,7
42,13525,77,14864,14,23,2,20,4,4,8
31,1261,34,22262,12,1,3,1,0,0,0
51,13116,53,22984,11,15,2,2,2,2,2
33,16184,95,22578,19,10,2,6,1,0,5
39,9991,42,21457,15,9,5,7,7,1,7
21,2070,70,25326,11,2,6,2,2,2,2
36,3210,47,20251,11,16,4,15,13,10,11
43,4081,73,20003,14,20,3,20,7,1,8
49,6804,92,23793,15,7,0,7,7,1,7
27,2024,57,5970,18,6,1,2,2,2,2
35,10388,57,6975,11,16,3,16,10,10,1
56,13212,86,18256,11,36,0,7,7,7,7
30,7264,62,9977,11,10,2,8,4,7,7
42,19613,93,26362,22,24,2,1,0,0,1
23,3505,79,19630,18,2,3,2,2,0,2
25,4400,68,15182,12,6,2,3,2,2,2
24,4162,42,15211,12,5,3,5,4,0,3
29,2451,91,22376,18,5,2,1,0,0,0
29,7639,35,24525,22,10,3,10,4,1,9
24,2293,61,3020,16,6,2,2,0,2,0
43,10798,79,5268,13,18,5,1,0,0,0
35,6646,82,19368,13,17,3,17,11,11,8
34,6712,95,8978,21,8,2,8,7,1,7
28,2367,32,18779,12,6,2,4,1,0,3
51,5441,71,8423,22,11,2,10,7,1,0
33,5487,43,10410,14,10,2,10,4,0,9
59,5171,48,16490,17,13,2,6,1,0,5
45,6632,46,12388,13,9,3,8,7,3,1
28,9854,84,23352,11,6,0,2,0,2,2
20,2323,54,17205,14,2,3,2,2,0,2
32,4465,100,12069,18,4,2,3,2,2,2
34,2661,93,8758,11,3,2,2,2,1,2
43,2455,33,10675,19,9,5,8,7,1,7
32,6162,98,19124,12,14,3,14,13,6,8
40,5715,46,22553,12,8,5,5,4,1,3
26,2148,69,6889,11,6,3,5,1,1,4
41,2451,56,4609,12,13,2,9,8,1,8
35,2258,58,16340,12,10,2,8,0,1,7
24,4011,96,8232,18,5,5,4,2,1,3
53,11836,73,22789,14,28,3,2,0,2,2
47,19658,98,5220,11,27,2,5,2,1,0
31,2610,72,6233,12,2,5,2,2,2,2
34,4001,87,12313,14,15,3,15,14,0,7
33,2686,63,5207,13,10,2,10,9,7,8
32,10422,48,24032,19,14,3,14,10,5,7
41,4721,59,3119,13,20,3,18,13,2,17
40,3544,74,8532,16,6,0,4,2,0,0
51,13734,98,7192,18,21,6,7,7,1,0
55,13695,85,9277,17,24,2,19,7,3,8
52,17099,70,13829,15,26,2,9,8,7,8
54,10725,88,6729,15,16,1,9,7,7,1
23,2272,97,24812,14,5,2,4,3,1,2
24,2725,89,21630,11,6,3,6,5,1,4
20,3033,87,12828,12,2,2,2,2,1,2
38,6861,42,4981,12,19,1,1,0,0,0
29,2340,60,22673,19,6,1,6,5,1,5
36,3407,82,6986,23,10,4,5,3,0,3
28,2856,78,3692,19,1,3,1,0,0,0
41,6811,62,2112,17,10,3,8,7,0,7
54,17426,91,18685,25,36,6,10,8,4,7
35,11996,71,19100,18,10,6,7,7,6,2
55,19187,58,6992,14,23,5,19,9,9,11
35,4930,79,13970,14,6,2,5,4,1,4
30,2285,40,3427,23,3,4,1,0,0,0
45,5593,65,17970,13,15,2,15,10,4,12
39,19431,87,15302,13,21,3,6,0,1,3
29,8268,39,11866,14,7,2,7,7,1,7
26,2007,66,25265,13,5,5,5,3,1,3
29,2439,73,14753,24,1,3,1,0,1,0
43,4739,72,16090,12,18,2,3,2,1,2
24,2210,97,3372,13,1,3,1,0,0,0
35,6142,51,4223,16,10,4,5,2,0,4
53,10448,66,5843,13,15,2,2,2,2,2
51,2075,96,18725,23,10,4,4,2,0,3
43,5257,82,6227,11,9,3,9,7,0,0
23,3295,51,12862,13,3,3,3,2,1,2
41,16595,91,5626,16,22,2,18,16,11,8
33,6146,95,15480,13,8,2,7,7,0,7
49,6651,96,21534,14,20,0,3,2,1,2
33,5207,79,22949,12,15,3,15,14,5,7
35,3407,46,25348,17,10,3,10,9,6,8
41,6870,85,15530,12,11,3,3,2,1,2
22,2853,48,4223,11,1,5,0,0,0,0
29,4025,46,23679,13,10,2,4,3,0,3
50,19331,59,19519,16,27,2,1,0,0,0
